name,category,area,phone,website,primary_activities,notes
Texas Trail Rides / Lone Star Ranch,Trail rides & ranch activities,"Southeast Austin, TX",(512) 697-9722,https://www.texastrailrides.com,"Guided horseback trail rides, lessons, skeet shooting, ATV tours, ranch events",Operates out of Lone Star Ranch near Austin; family-friendly group and private rides.
Southern Trails,Trail rides,"Manor (northeast of Austin), TX",(512) 649-5558,https://www.southerntrailrides.com,"Guided ranch trail rides, sunset rides, kids-focused ""Little Dude"" rides",Highly rated trail rides about 15 minutes from downtown Austin on a 100+ acre ranch.
Maverick Horseback Riding,Trail rides & horsemanship experiences,Lockhart / Central Texas (SE of Austin),(512) 230-8413,https://maverickhorsebackriding.com,"Ecology-focused trail rides, horsemanship lessons, BBQ rides, private ranch tours",Operates ranch trail rides around Lockhart and other Central Texas sites; emphasizes land and waterway stewardship.
Willow Horseback Riding of Austin,Guided trail rides,"Central Austin, TX",(737) 232-7281,https://www.willowhorseriding.com/austin,"Scenic guided trail rides, photography add-ons",Downtown-based booking for guided rides in the Hill Country; focuses on small-group scenic experiences.
Tri-Star Farm (Austin location),"Lessons, boarding & weekly trail rides","Northwest Austin, TX",(512) 956-1662,https://www.tristarfarm.com,"Hunter/jumper and general riding lessons, boarding, weekly trail rides, summer camps",Long-running program with Austin and Coupland locations; offers lessons for all levels and organized trail rides.
Bee Cave Riding Center,Lesson barn & camps,"Bee Cave / West Austin, TX",(512) 632-7433,https://www.ridinghorses.com,"Hunter/jumper, dressage and western lessons, kids and adult programs, camps",Hill Country facility west of Austin providing English and Western instruction for all levels.
Manor Equestrian Center,"Lessons, boarding & camps","Manor, TX (NE of Austin)",(512) 423-2994,https://www.manorequestriancentertx.com,"Riding lessons, horse boarding, training, summer camps",Family-oriented barn offering recreational riding programs and boarding just outside northeast Austin.
White Fences Equestrian Center,Dressage & hunter/jumper lesson barn,"Manor, TX (east of Austin)",(512) 865-8281,https://whitefencesaustin.com,"Dressage-focused training, hunter/jumper lessons, full-care boarding",Boutique dressage and hunter/jumper facility offering lessons and training for committed recreational and show riders.
Lone Star Stables (Lone Star Equestrian Center),Hunter/jumper lesson barn,"Westlake / West Austin, TX",(512) 567-4984,http://www.lonestarstablesaustin.com,"Hunter/jumper lessons, boarding, instructional camps",Westlake hunter/jumper program with year-round lessons and small-group instruction for all ages.
Monarch Stables Austin,Hunter/jumper lessons & boarding,"Buda, TX (south of Austin)",(512) 651-0484,https://www.monarchstablesaustin.com,"Hunter/jumper instruction, full-service boarding, leasing",Large 56-acre facility about 13 miles from downtown Austin with training for child and adult riders.
Scissortail Hill Equestrian,Riding academy & camps,"South Austin, TX",(512) 243-2323,https://www.scissortailhillequestrian.com,"Eventing and hunter/jumper lessons, schooling shows, camps","South Austin riding academy with a focus on safe, confidence-building instruction and local shows."
Rio Vista Farm,Hunter/jumper barn & camps,"Dripping Springs, TX (west of Austin)",(512) 247-2303,https://www.riovistafarm.net,"Hunter/jumper lessons, boarding, camps, show program",Leading English riding barn now based in Dripping Springs; accepts riders without owning a horse.
Lone Star Riding Club,Lesson barn & kids programs,"Driftwood, TX (southwest of Austin)",(512) 697-9818,https://www.lonestarridingclub.com,"English and Western lessons, kids horse camps, clinics and events",United States Pony Club Riding Center with multiple Austin-area locations and a large school-horse string.
Switch Willo Stables,Hunter/jumper show barn & camp,"Northwest Austin, TX",(512) 920-2276,https://www.switchwillostable.com,"Hunter/jumper lessons, show program, state-certified kids riding camp",Long-established hunter/jumper barn with extensive youth programs and camps near central/north Austin.
Coraggio Equestrian,Boarding barn with lessons & trails,"Southwest Austin, TX",(512) 567-9723,http://coraggio.org,"Premium horse boarding, individualized training, access to shaded trails",Peaceful Hill Country facility with 100+ acres of shaded trails and focus on personalized horse care.
Miraval Austin Resort & Spa (Equine Program),Wellness resort equine program,"Northwest Austin / Lake Travis, TX",855-690-8163,https://www.miravalresorts.com/austin,"Rhythmic riding, equine-assisted mindfulness and leadership, private trail rides for resort guests",Upscale wellness resort with a dedicated equine center; riding is primarily for overnight and day guests.
Austin Carriage Rides and Tours (Austin Carriage),Horse-drawn carriage rides,"Downtown Austin, TX",(512) 243-0044,http://www.austincarriage.co,"Horse-drawn carriage rides, downtown tours, event transportation",Downtown carriage company offering romantic and historic horse-drawn rides rather than trail riding.
